{"name":"5bad308b-5725-4176-8fb1-a07e8573149f","id":"/providers/Microsoft.Flow/flows/5bad308b-5725-4176-8fb1-a07e8573149f","type":"Microsoft.Flow/flows","properties":{"apiId":"/providers/Microsoft.PowerApps/apis/shared_logicflows","displayName":"Important mail to chat","definition":{"metadata":{"workflowEntityId":null,"flowclientsuspensionreason":"None","flowclientsuspensiontime":null,"creator":{"id":"e7d33fad-c38e-42f5-9713-ea98be18a766","type":"User","tenantId":"699e7228-8efc-410a-9be8-134845ed520f"},"provisioningMethod":"FromDefinition","failureAlertSubscription":true,"clientLastModifiedTime":"2020-10-07T07:09:22.1749616Z"},"$schema":"https://schema.management.azure.com/providers/Microsoft.Logic/schemas/2016-06-01/workflowdefinition.json#","contentVersion":"1.0.0.0","parameters":{"$connections":{"defaultValue":{},"type":"Object"},"$authentication":{"defaultValue":{},"type":"SecureObject"}},"triggers":{"When_a_new_email_arrives_(V3)":{"splitOn":"@triggerOutputs()?['body/value']","type":"OpenApiConnectionNotification","inputs":{"host":{"apiId":"/providers/Microsoft.PowerApps/apis/shared_office365","connectionName":"shared_office365","operationId":"OnNewEmailV3"},"parameters":{"folderPath":"Inbox","includeAttachments":true,"importance":"High","fetchOnlyWithAttachment":false},"authentication":"@parameters('$authentication')"}}},"actions":{"Post_your_own_adaptive_card_as_the_Flow_bot_to_a_user":{"runAfter":{"Html_to_text":["Succeeded"]},"type":"OpenApiConnection","inputs":{"host":{"apiId":"/providers/Microsoft.PowerApps/apis/shared_teams","connectionName":"shared_teams","operationId":"PostUserAdaptiveCard"},"parameters":{"PostAdaptiveCardRequest/recipient/to":"@{outputs('Get_my_profile_(V2)')?['body/mail']};","PostAdaptiveCardRequest/messageBody":"{\n    \"type\": \"AdaptiveCard\",\n    \"$schema\": \"http://adaptivecards.io/schemas/adaptive-card.json\",\n    \"version\": \"1.2\",\n    \"body\": [\n        {\n            \"type\": \"TextBlock\",\n            \"text\": \"Email subject: @{triggerOutputs()?['body/subject']}\",\n            \"wrap\": true,\n            \"id\": \"Subject\",\n            \"weight\": \"Bolder\",\n            \"color\": \"Attention\"\n        },\n        {\n            \"type\": \"ColumnSet\",\n            \"columns\": [\n                {\n                    \"type\": \"Column\",\n                    \"width\": \"50px\",\n                    \"items\": [\n                        {\n                            \"type\": \"TextBlock\",\n                            \"text\": \"From:\",\n                            \"wrap\": true,\n                            \"id\": \"From\"\n                        }\n                    ]\n                },\n                {\n                    \"type\": \"Column\",\n                    \"width\": \"stretch\",\n                    \"items\": [\n                        {\n                            \"type\": \"TextBlock\",\n                            \"text\": \"@{triggerOutputs()?['body/from']}\",\n                            \"wrap\": true,\n                            \"id\": \"From2\",\n                            \"height\": \"stretch\"\n                        }\n                    ]\n                }\n            ],\n            \"spacing\": \"Small\"\n        },\n        {\n            \"type\": \"ColumnSet\",\n            \"columns\": [\n                {\n                    \"type\": \"Column\",\n                    \"width\": \"50px\",\n                    \"items\": [\n                        {\n                            \"type\": \"TextBlock\",\n                            \"text\": \"To:\",\n                            \"wrap\": true,\n                            \"id\": \"To\"\n                        }\n                    ]\n                },\n                {\n                    \"type\": \"Column\",\n                    \"width\": \"stretch\",\n                    \"items\": [\n                        {\n                            \"type\": \"TextBlock\",\n                            \"text\": \"@{triggerOutputs()?['body/toRecipients']}\",\n                            \"wrap\": true,\n                            \"id\": \"To2\"\n                        }\n                    ]\n                }\n            ]\n        },\n        {\n            \"type\": \"ColumnSet\",\n            \"columns\": [\n                {\n                    \"type\": \"Column\",\n                    \"width\": \"50px\",\n                    \"items\": [\n                        {\n                            \"type\": \"TextBlock\",\n                            \"text\": \"CC:\",\n                            \"wrap\": true,\n                            \"id\": \"CC\"\n                        }\n                    ]\n                },\n                {\n                    \"type\": \"Column\",\n                    \"width\": \"stretch\",\n                    \"items\": [\n                        {\n                            \"type\": \"TextBlock\",\n                            \"text\": \"@{triggerOutputs()?['body/ccRecipients']}\",\n                            \"wrap\": true,\n                            \"id\": \"CC2\"\n                        }\n                    ]\n                }\n            ]\n        },\n        {\n            \"type\": \"ColumnSet\",\n            \"columns\": [\n                {\n                    \"type\": \"Column\",\n                    \"width\": \"150px\",\n                    \"items\": [\n                        {\n                            \"type\": \"TextBlock\",\n                            \"text\": \"Received:\",\n                            \"wrap\": true,\n                            \"id\": \"Received\"\n                        },\n                        {\n                            \"type\": \"TextBlock\",\n                            \"text\": \"Has attachments:\",\n                            \"wrap\": true,\n                            \"id\": \"Attach\"\n                        }\n                    ]\n                },\n                {\n                    \"type\": \"Column\",\n                    \"width\": \"stretch\",\n                    \"items\": [\n                        {\n                            \"type\": \"TextBlock\",\n                            \"text\": \"@{triggerOutputs()?['body/receivedDateTime']}\",\n                            \"wrap\": true,\n                            \"id\": \"RecDate\"\n                        },\n                        {\n                            \"type\": \"TextBlock\",\n                            \"text\": \"@{triggerOutputs()?['body/hasAttachments']}\",\n                            \"wrap\": true,\n                            \"id\": \"Attachments\"\n                        }\n                    ]\n                }\n            ]\n        },\n        {\n            \"type\": \"TextBlock\",\n            \"text\": \"Message:\",\n            \"wrap\": true,\n            \"weight\": \"Bolder\"\n        },\n        {\n            \"type\": \"TextBlock\",\n            \"text\": \"@{outputs('Html_to_text')?['body']}\",\n            \"wrap\": true,\n            \"id\": \"EmailBody\"\n        },\n        {\n            \"type\": \"ActionSet\",\n            \"actions\": [\n                {\n                    \"type\": \"Action.OpenUrl\",\n                    \"title\": \"Chatt with @{triggerOutputs()?['body/from']}\",\n                    \"url\": \"https://teams.microsoft.com/l/chat/0/0?users=@{triggerOutputs()?['body/from']}\"\n                }\n            ]\n        },\n        {\n            \"type\": \"ActionSet\",\n            \"actions\": [\n                {\n                    \"type\": \"Action.OpenUrl\",\n                    \"title\": \"Open your email inbox\",\n                    \"url\": \"https://outlook.office.com/mail/\"\n                }\n            ]\n        }\n    ]\n}","PostAdaptiveCardRequest/messageTitle":"@triggerOutputs()?['body/subject']","PostAdaptiveCardRequest/recipient/summary":"@triggerOutputs()?['body/bodyPreview']","PostAdaptiveCardRequest/recipient/isAlert":false},"authentication":"@parameters('$authentication')"}},"Get_my_profile_(V2)":{"runAfter":{},"type":"OpenApiConnection","inputs":{"host":{"apiId":"/providers/Microsoft.PowerApps/apis/shared_office365users","connectionName":"shared_office365users","operationId":"MyProfile_V2"},"parameters":{},"authentication":"@parameters('$authentication')"}},"Html_to_text":{"runAfter":{"Get_my_profile_(V2)":["Succeeded"]},"type":"OpenApiConnection","inputs":{"host":{"apiId":"/providers/Microsoft.PowerApps/apis/shared_conversionservice","connectionName":"shared_conversionservice","operationId":"HtmlToText"},"parameters":{"Content":"<p>@{triggerOutputs()?['body/body']}</p>"},"authentication":"@parameters('$authentication')"}}},"outputs":{}},"connectionReferences":{"shared_teams":{"connectionName":"shared-teams-dc696353-436a-43e3-ab70-ad86-0486fa67","source":"Embedded","id":"/providers/Microsoft.PowerApps/apis/shared_teams","tier":"NotSpecified"},"shared_office365users":{"connectionName":"shared-office365user-754dc184-2de1-41d3-816c-4357-c47889e6","source":"Embedded","id":"/providers/Microsoft.PowerApps/apis/shared_office365users","tier":"NotSpecified"},"shared_conversionservice":{"connectionName":"shared-conversionser-f4117706-74bd-41c2-9366-5aad-fba66912","source":"Embedded","id":"/providers/Microsoft.PowerApps/apis/shared_conversionservice","tier":"NotSpecified"},"shared_office365":{"connectionName":"shared-office365-e958f004-3b90-4ee8-b9dc-d491-190da1f4","source":"Embedded","id":"/providers/Microsoft.PowerApps/apis/shared_office365","tier":"NotSpecified"}},"flowFailureAlertSubscribed":false}}